Workbook

Sheet Candidatures
A1: DATE ENVOI CANDIDATURE | B1: ENTREPRISE | C1: INTITULÉ OFFRE | D1: LOCALISATION | E1: RÉPONSE | F1: RESSOURCES | G1: CANAL | H1: STATUT | I1: CONTACT (NOM / EMAIL) | J1: DATE DE RELANCE | K1: REMOTE / HYBRIDE | L1: RYTHME TÉLÉTRAVAIL | M1: FOURCHETTE SALAIRE | N1: VERSION CV / LETTRE | O1: STACK / MOTS-CLÉS | P1: PROCESS DE RECRUTEMENT | Q1: NOTES | R1: TEXTE DE L'ANNONCE
J2: =IF(AND(A2<>"",H2="Envoyée"),A2+Listes!$B$3,"")
J3: =IF(AND(A3<>"",H3="Envoyée"),A3+Listes!$B$3,"")
J4: =IF(AND(A4<>"",H4="Envoyée"),A4+Listes!$B$3,"")
J5: =IF(AND(A5<>"",H5="Envoyée"),A5+Listes!$B$3,"")
J6: =IF(AND(A6<>"",H6="Envoyée"),A6+Listes!$B$3,"")
J7: =IF(AND(A7<>"",H7="Envoyée"),A7+Listes!$B$3,"")
J8: =IF(AND(A8<>"",H8="Envoyée"),A8+Listes!$B$3,"")
J9: =IF(AND(A9<>"",H9="Envoyée"),A9+Listes!$B$3,"")
J10: =IF(AND(A10<>"",H10="Envoyée"),A10+Listes!$B$3,"")
J11: =IF(AND(A11<>"",H11="Envoyée"),A11+Listes!$B$3,"")
J12: =IF(AND(A12<>"",H12="Envoyée"),A12+Listes!$B$3,"")
J13: =IF(AND(A13<>"",H13="Envoyée"),A13+Listes!$B$3,"")
... J501: =IF(AND(A501<>"",H501="Envoyée"),A501+Listes!$B$3,"")

Sheet Compétences
A1: Annonces analysées | B1: =COUNTA(Candidatures!R2:R501) | D1: Seules les lignes dont la colonne « TEXTE DE L'ANNONCE » est remplie sont comptées.
A3: COMPÉTENCE | B3: TERME RECHERCHÉ | C3: NB D'ANNONCES | D3: FRÉQUENCE | E3: NIVEAU ACTUEL (0-5) | F3: SCORE DE PRIORITÉ | G3: RANG

Sheet Listes
A1: LÉGENDE
A3: Délai de relance (jours) | B3: 7
A5: Statuts | B5: Canaux | C5: Mode de travail
A6: Envoyée | B6: Site carrière | C6: Présentiel
A7: Réponse reçue | B7: LinkedIn | C7: Hybride
A8: Entretien RH | B8: Welcome to the Jungle | C8: Full remote
A9: Entretien technique | B9: Hellowork | C9: Non précisé
A10: Offre | B10: Apec
A11: Refus | B11: Indeed
A12: Sans réponse | B12: Free-Work
B13: Licorne Society
B14: Cabinet de recrutement
B15: Candidature spontanée
B16: Cooptation
B17: Autre
